Alchemy04;EnchArmorFortifyAlchemy04 "Fortify Alchemy" [ENCH:0008B65F];of Eminent Alchemy
Alchemy05;EnchArmorFortifyAlchemy05 "Fortify Alchemy" [ENCH:0008B660];of Extreme Alchemy
Alchemy06;EnchArmorFortifyAlchemy06 "Fortify Alchemy" [ENCH:0008B661];of Peerless Alchemy
Alteration04;EnchArmorFortifyAlteration04 "Fortify Alteration" [ENCH:000BE037];of Eminent Alteration
Alteration05;EnchArmorFortifyAlteration05 "Fortify Alteration" [ENCH:000BE038];of Extreme Alteration
Alteration06;EnchArmorFortifyAlteration06 "Fortify Alteration" [ENCH:000BE039];of Peerless Alteration
Conjuration04;EnchArmorFortifyConjuration04 "Fortify Conjuration" [ENCH:000AD455];of Eminent Conjuring
Conjuration05;EnchArmorFortifyConjuration05 "Fortify Conjuration" [ENCH:000AD456];of Extreme Conjuring
Conjuration06;EnchArmorFortifyConjuration06 "Fortify Conjuration" [ENCH:000AD457];of Peerless Conjuring
Lockpicking04;EnchArmorFortifyLockpicking04 "Fortify Lockpicking" [ENCH:000BE008];of Eminent Lockpicking
Lockpicking05;EnchArmorFortifyLockpicking05 "Fortify Lockpicking" [ENCH:000BE009];of Extreme Lockpicking
Lockpicking06;EnchArmorFortifyLockpicking06 "Fortify Lockpicking" [ENCH:000BE00A];of Peerless Lockpicking
Marksman04;EnchArmorFortifyMarksman04 "Fortify Archery" [ENCH:000BE00C];of Eminent Archery
Marksman05;EnchArmorFortifyMarksman05 "Fortify Archery" [ENCH:000BE00D];of Extreme Archery
Marksman06;EnchArmorFortifyMarksman06 "Fortify Archery" [ENCH:000BE00E];of Peerless Archery
OneHanded04;EnchArmorFortifyOneHanded04 "Fortify One-Handed" [ENCH:000BE00F];of Eminent Wielding
OneHanded05;EnchArmorFortifyOneHanded05 "Fortify One-Handed" [ENCH:000BE010];of Extreme Wielding
OneHanded06;EnchArmorFortifyOneHanded06 "Fortify One-Handed" [ENCH:000BE011];of Peerless Wielding
Pickpocket04;EnchArmorFortifyPickpocket04 "Fortify Pickpocket" [ENCH:000BE012];of Eminent Deft Hands
Pickpocket05;EnchArmorFortifyPickpocket05 "Fortify Pickpocket" [ENCH:000BE013];of Extreme Deft Hands
Pickpocket06;EnchArmorFortifyPickpocket06 "Fortify Pickpocket" [ENCH:000BE014];of Peerless Deft Hands
Smithing04;EnchArmorFortifySmithing04 "Fortify Smithing" [ENCH:000BE018];of Eminent Smithing
Smithing05;EnchArmorFortifySmithing05 "Fortify Smithing" [ENCH:000BE019];of Extreme Smithing
Smithing06;EnchArmorFortifySmithing06 "Fortify Smithing" [ENCH:000BE01A];of Peerless Smithing
TwoHanded04;EnchArmorFortifyTwoHanded04 "Fortify Two-Handed" [ENCH:000BE025];of Eminent Sure Grip
TwoHanded05;EnchArmorFortifyTwoHanded05 "Fortify Two-Handed" [ENCH:000BE026];of Extreme Sure Grip
TwoHanded06;EnchArmorFortifyTwoHanded06 "Fortify Two-Handed" [ENCH:000BE027] ;of Peerless Sure Grip